{"cameraMode":{"drawMode":0,"name":"Shaded","section":"Shading Mode"},"sceneLighting":false,"audioPlay":false,"sceneViewState":{"m_AlwaysRefresh":false,"showFog":true,"showSkybox":false,"showFlares":true,"showImageEffects":true,"showParticleSystems":true,"showVisualEffectGraphs":true,"m_FxEnabled":true},"in2DMode":false,"pivot":{"x":-0.8343119621276856,"y":-0.4257330894470215,"z":-0.08953827619552612},"rotation":{"x":0.10293249040842056,"y":0.8860644102096558,"z":-0.23695480823516847,"w":0.38490262627601626},"size":1.409999132156372,"orthographic":false}