{"cameraMode":{"drawMode":0,"name":"Shaded","section":"Shading Mode"},"sceneLighting":false,"audioPlay":false,"sceneViewState":{"m_AlwaysRefresh":false,"showFog":true,"showSkybox":false,"showFlares":true,"showImageEffects":true,"showParticleSystems":true,"showVisualEffectGraphs":true,"m_FxEnabled":true},"in2DMode":false,"pivot":{"x":-1.1920928955078126e-7,"y":0.9339359998703003,"z":-0.3013482689857483},"rotation":{"x":0.28888171911239626,"y":0.3125636875629425,"z":-0.10040232539176941,"w":0.8993250131607056},"size":2.8129899501800539,"orthographic":false}