{"cameraMode":{"drawMode":0,"name":"Shaded","section":"Shading Mode"},"sceneLighting":false,"audioPlay":false,"sceneViewState":{"m_AlwaysRefresh":false,"showFog":true,"showSkybox":false,"showFlares":true,"showImageEffects":true,"showParticleSystems":true,"showVisualEffectGraphs":true,"m_FxEnabled":true},"in2DMode":false,"pivot":{"x":-2.8943397998809816,"y":0.7933812141418457,"z":1.202958583831787},"rotation":{"x":-0.11545776575803757,"y":-0.03993784636259079,"z":0.004664589185267687,"w":-0.9925152659416199},"size":3.6893200874328615,"orthographic":false}