{"cameraMode":{"drawMode":0,"name":"Shaded","section":"Shading Mode"},"sceneLighting":false,"audioPlay":false,"sceneViewState":{"m_AlwaysRefresh":false,"showFog":true,"showSkybox":false,"showFlares":true,"showImageEffects":true,"showParticleSystems":true,"showVisualEffectGraphs":true,"m_FxEnabled":true},"in2DMode":false,"pivot":{"x":3.1851754188537599,"y":1.2596232891082764,"z":-3.490480899810791},"rotation":{"x":-0.19033747911453248,"y":-0.08910355716943741,"z":0.017350230365991594,"w":-0.9775128960609436},"size":1.3498135805130005,"orthographic":false}