{"cameraMode":{"drawMode":0,"name":"Shaded","section":"Shading Mode"},"sceneLighting":false,"audioPlay":false,"sceneViewState":{"m_AlwaysRefresh":false,"showFog":true,"showSkybox":false,"showFlares":true,"showImageEffects":true,"showParticleSystems":true,"showVisualEffectGraphs":true,"m_FxEnabled":true},"in2DMode":false,"pivot":{"x":-1.3793349266052247,"y":0.2628832161426544,"z":0.3425102233886719},"rotation":{"x":-0.03371524065732956,"y":0.2480161339044571,"z":-0.008629340678453446,"w":-0.968158483505249},"size":1.8915786743164063,"orthographic":false}